name,url,autor
overlay_vanilla_tweeks,https://vanillatweaks.net/,Xisuma
overlay_piglin_chan,https://modrinth.com/resourcepack/piglin-chan,HexeChroma
overlay_simple_grass_flowers,https://modrinth.com/resourcepack/simple-grass-flowers,2DWisp
overlay_raven_phantoms,https://modrinth.com/resourcepack/raven-phantoms,2DWisp
overlay_wisps_wonderful_wildflowers,https://modrinth.com/resourcepack/wisps-colourful-wildflowers,2DWisp
overlay_enchant_icons,https://modrinth.com/resourcepack/enchant-icons-countxd,CountXD
overlay_enchantment_outlines,https://modrinth.com/resourcepack/glowing-glints,tixul
overlay_better_lanterns,https://modrinth.com/resourcepack/better-lanterns,Nico4play
overlay_armorstands_reimagined,https://modrinth.com/resourcepack/armorstands-reimagined,Reijvi
overlay_eco_attire,https://modrinth.com/resourcepack/eco-attire,MR_CHOO
overlay_even_better_enchants,https://modrinth.com/resourcepack/even-better-enchants,mythitorium
overlay_crops_3d,https://modrinth.com/resourcepack/3d-crops,vexcenot
overlay_animated_items,https://modrinth.com/resourcepack/animated-items,palettemc
overlay_rays_better_sugarcane,https://modrinth.com/resourcepack/better-sugar-cane,Restricted-Ray
overlay_fresh_flower_pots,https://modrinth.com/resourcepack/fresh-flower-pots,BlueHDGaming
overlay_redstone_tweaks,https://modrinth.com/resourcepack/redstone-tweaks,RexxStone
overlay_better_fences,https://modrinth.com/resourcepack/better-fences,lolloxvii
